model,wmape,mase,rmsse
Naive,0.2947355855318133,4.103885310617079,2.6756030667878536
SeasonalNaive(m=7),0.07181867016831801,1.0,0.6805152074682879
MovingAverage(28d),0.15130715053121643,2.106794099314357,1.5571315289899668
